,Unnamed: 0,product,issue,sub_product,complaint_id,timely,company_response,submitted_via,company,date_received,state,sub_issue
0,0,"Credit reporting, credit repair services, or other personal consumer reports",Credit monitoring or identity theft protection services,Credit reporting,5603442,Yes,In progress,Web,"EQUIFAX, INC.",2022-05,AL,Problem canceling credit monitoring or identify theft protection service
1,1,"Credit reporting, credit repair services, or other personal consumer reports",Credit monitoring or identity theft protection services,Credit reporting,5603442,Yes,In progress,Web,"EQUIFAX, INC.",2022-05,AL,Problem canceling credit monitoring or identify theft protection service
2,2,"Credit reporting, credit repair services, or other personal consumer reports",Credit monitoring or identity theft protection services,Credit reporting,5603442,Yes,In progress,Web,"EQUIFAX, INC.",2022-05,AL,Problem canceling credit monitoring or identify theft protection service
3,3,"Credit reporting, credit repair services, or other personal consumer reports",Credit monitoring or identity theft protection services,Credit reporting,5603442,Yes,In progress,Web,"EQUIFAX, INC.",2022-05,AL,Problem canceling credit monitoring or identify theft protection service
4,4,"Credit reporting, credit repair services, or other personal consumer reports",Credit monitoring or identity theft protection services,Credit reporting,5603442,Yes,In progress,Web,"EQUIFAX, INC.",2022-05,AL,Problem canceling credit monitoring or identify theft protection service
5,5,Credit card or prepaid card,Problem with a purchase or transfer,Payroll card,5597665,Yes,Closed with explanation,Web,Payfare International Inc.,2022-05,AK,Card company isn't resolving a dispute about a purchase or transfer
6,6,Credit card or prepaid card,Problem with a purchase or transfer,Payroll card,5597665,Yes,Closed with explanation,Web,Payfare International Inc.,2022-05,AK,Card company isn't resolving a dispute about a purchase or transfer
7,7,Credit card or prepaid card,Problem with a purchase or transfer,Payroll card,5597665,Yes,Closed with explanation,Web,Payfare International Inc.,2022-05,AK,Card company isn't resolving a dispute about a purchase or transfer
8,8,Credit card or prepaid card,Problem with a purchase or transfer,Payroll card,5597665,Yes,Closed with explanation,Web,Payfare International Inc.,2022-05,AK,Card company isn't resolving a dispute about a purchase or transfer
9,9,Credit card or prepaid card,Problem with a purchase or transfer,Payroll card,5597665,Yes,Closed with explanation,Web,Payfare International Inc.,2022-05,AK,Card company isn't resolving a dispute about a purchase or transfer
10,10,"Credit reporting, credit repair services, or other personal consumer reports",Improper use of your report,Credit reporting,5603021,Yes,In progress,Web,"EQUIFAX, INC.",2022-05,AZ,Reporting company used your report improperly
11,11,"Credit reporting, credit repair services, or other personal consumer reports",Improper use of your report,Credit reporting,5603021,Yes,In progress,Web,"EQUIFAX, INC.",2022-05,AZ,Reporting company used your report improperly
12,12,"Credit reporting, credit repair services, or other personal consumer reports",Improper use of your report,Credit reporting,5603021,Yes,In progress,Web,"EQUIFAX, INC.",2022-05,AZ,Reporting company used your report improperly
13,13,"Credit reporting, credit repair services, or other personal consumer reports",Improper use of your report,Credit reporting,5603021,Yes,In progress,Web,"EQUIFAX, INC.",2022-05,AZ,Reporting company used your report improperly
14,14,"Credit reporting, credit repair services, or other personal consumer reports",Improper use of your report,Credit reporting,5603021,Yes,In progress,Web,"EQUIFAX, INC.",2022-05,AZ,Reporting company used your report improperly
15,15,"Credit reporting, credit repair services, or other personal consumer reports",Problem with a company's investigation into an existing issue,Other personal consumer report,5602983,Yes,Closed with explanation,Web,"HireRight Solutions, Inc.",2022-05,AR,Difficulty submitting a dispute or getting information about a dispute over the phone
16,16,"Credit reporting, credit repair services, or other personal consumer reports",Problem with a company's investigation into an existing issue,Other personal consumer report,5602983,Yes,Closed with explanation,Web,"HireRight Solutions, Inc.",2022-05,AR,Difficulty submitting a dispute or getting information about a dispute over the phone
17,17,"Credit reporting, credit repair services, or other personal consumer reports",Problem with a company's investigation into an existing issue,Other personal consumer report,5602983,Yes,Closed with explanation,Web,"HireRight Solutions, Inc.",2022-05,AR,Difficulty submitting a dispute or getting information about a dispute over the phone
18,18,"Credit reporting, credit repair services, or other personal consumer reports",Problem with a company's investigation into an existing issue,Other personal consumer report,5602983,Yes,Closed with explanation,Web,"HireRight Solutions, Inc.",2022-05,AR,Difficulty submitting a dispute or getting information about a dispute over the phone
19,19,"Credit reporting, credit repair services, or other personal consumer reports",Problem with a company's investigation into an existing issue,Other personal consumer report,5602983,Yes,Closed with explanation,Web,"HireRight Solutions, Inc.",2022-05,AR,Difficulty submitting a dispute or getting information about a dispute over the phone
20,20,"Credit reporting, credit repair services, or other personal consumer reports",Incorrect information on your report,Credit reporting,5607146,Yes,In progress,Web,FREEDOM FINANCIAL NETWORK,2022-05,CA,Information belongs to someone else
21,21,"Credit reporting, credit repair services, or other personal consumer reports",Incorrect information on your report,Credit reporting,5607146,Yes,In progress,Web,FREEDOM FINANCIAL NETWORK,2022-05,CA,Information belongs to someone else
22,22,"Credit reporting, credit repair services, or other personal consumer reports",Incorrect information on your report,Credit reporting,5607146,Yes,In progress,Web,FREEDOM FINANCIAL NETWORK,2022-05,CA,Information belongs to someone else
23,23,"Credit reporting, credit repair services, or other personal consumer reports",Incorrect information on your report,Credit reporting,5607146,Yes,In progress,Web,FREEDOM FINANCIAL NETWORK,2022-05,CA,Information belongs to someone else
24,24,"Credit reporting, credit repair services, or other personal consumer reports",Incorrect information on your report,Credit reporting,5607146,Yes,In progress,Web,FREEDOM FINANCIAL NETWORK,2022-05,CA,Information belongs to someone else
25,25,"Credit reporting, credit repair services, or other personal consumer reports",Incorrect information on your report,Credit reporting,5605317,Yes,Closed with explanation,Web,Stellantis Financial Services US Corp.,2022-05,CO,Account status incorrect
26,26,"Credit reporting, credit repair services, or other personal consumer reports",Incorrect information on your report,Credit reporting,5605317,Yes,Closed with explanation,Web,Stellantis Financial Services US Corp.,2022-05,CO,Account status incorrect
27,27,"Credit reporting, credit repair services, or other personal consumer reports",Incorrect information on your report,Credit reporting,5605317,Yes,Closed with explanation,Web,Stellantis Financial Services US Corp.,2022-05,CO,Account status incorrect
28,28,"Credit reporting, credit repair services, or other personal consumer reports",Incorrect information on your report,Credit reporting,5605317,Yes,Closed with explanation,Web,Stellantis Financial Services US Corp.,2022-05,CO,Account status incorrect
29,29,"Credit reporting, credit repair services, or other personal consumer reports",Incorrect information on your report,Credit reporting,5605317,Yes,Closed with explanation,Web,Stellantis Financial Services US Corp.,2022-05,CO,Account status incorrect
30,30,"Credit reporting, credit repair services, or other personal consumer reports",Improper use of your report,Credit reporting,5603036,Yes,In progress,Web,"TRANSUNION INTERMEDIATE HOLDINGS, INC.",2022-05,CT,Credit inquiries on your report that you don't recognize
31,31,"Credit reporting, credit repair services, or other personal consumer reports",Improper use of your report,Credit reporting,5603036,Yes,In progress,Web,"TRANSUNION INTERMEDIATE HOLDINGS, INC.",2022-05,CT,Credit inquiries on your report that you don't recognize
32,32,"Credit reporting, credit repair services, or other personal consumer reports",Improper use of your report,Credit reporting,5603036,Yes,In progress,Web,"TRANSUNION INTERMEDIATE HOLDINGS, INC.",2022-05,CT,Credit inquiries on your report that you don't recognize
33,33,"Credit reporting, credit repair services, or other personal consumer reports",Improper use of your report,Credit reporting,5603036,Yes,In progress,Web,"TRANSUNION INTERMEDIATE HOLDINGS, INC.",2022-05,CT,Credit inquiries on your report that you don't recognize
34,34,"Credit reporting, credit repair services, or other personal consumer reports",Improper use of your report,Credit reporting,5603036,Yes,In progress,Web,"TRANSUNION INTERMEDIATE HOLDINGS, INC.",2022-05,CT,Credit inquiries on your report that you don't recognize
35,35,"Credit reporting, credit repair services, or other personal consumer reports",Problem with a credit reporting company's investigation into an existing problem,Credit reporting,5602929,Yes,In progress,Web,"TRANSUNION INTERMEDIATE HOLDINGS, INC.",2022-05,DE,Investigation took more than 30 days
36,36,"Credit reporting, credit repair services, or other personal consumer reports",Problem with a credit reporting company's investigation into an existing problem,Credit reporting,5602929,Yes,In progress,Web,"TRANSUNION INTERMEDIATE HOLDINGS, INC.",2022-05,DE,Investigation took more than 30 days
37,37,"Credit reporting, credit repair services, or other personal consumer reports",Problem with a credit reporting company's investigation into an existing problem,Credit reporting,5602929,Yes,In progress,Web,"TRANSUNION INTERMEDIATE HOLDINGS, INC.",2022-05,DE,Investigation took more than 30 days
38,38,"Credit reporting, credit repair services, or other personal consumer reports",Problem with a credit reporting company's investigation into an existing problem,Credit reporting,5602929,Yes,In progress,Web,"TRANSUNION INTERMEDIATE HOLDINGS, INC.",2022-05,DE,Investigation took more than 30 days
39,39,"Credit reporting, credit repair services, or other personal consumer reports",Problem with a credit reporting company's investigation into an existing problem,Credit reporting,5602929,Yes,In progress,Web,"TRANSUNION INTERMEDIATE HOLDINGS, INC.",2022-05,DE,Investigation took more than 30 days
40,40,"Credit reporting, credit repair services, or other personal consumer reports",Improper use of your report,Credit reporting,5602665,Yes,In progress,Web,"EQUIFAX, INC.",2022-05,DC,Reporting company used your report improperly
41,41,"Credit reporting, credit repair services, or other personal consumer reports",Improper use of your report,Credit reporting,5602665,Yes,In progress,Web,"EQUIFAX, INC.",2022-05,DC,Reporting company used your report improperly
42,42,"Credit reporting, credit repair services, or other personal consumer reports",Improper use of your report,Credit reporting,5602665,Yes,In progress,Web,"EQUIFAX, INC.",2022-05,DC,Reporting company used your report improperly
43,43,"Credit reporting, credit repair services, or other personal consumer reports",Improper use of your report,Credit reporting,5602665,Yes,In progress,Web,"EQUIFAX, INC.",2022-05,DC,Reporting company used your report improperly
44,44,"Credit reporting, credit repair services, or other personal consumer reports",Improper use of your report,Credit reporting,5602665,Yes,In progress,Web,"EQUIFAX, INC.",2022-05,DC,Reporting company used your report improperly
45,45,Vehicle loan or lease,Managing the loan or lease,Loan,5607408,Yes,In progress,Phone,ALLY FINANCIAL INC.,2022-05,FL,Problem with the interest rate
46,46,Vehicle loan or lease,Managing the loan or lease,Loan,5607408,Yes,In progress,Phone,ALLY FINANCIAL INC.,2022-05,FL,Problem with the interest rate
47,47,Vehicle loan or lease,Managing the loan or lease,Loan,5607408,Yes,In progress,Phone,ALLY FINANCIAL INC.,2022-05,FL,Problem with the interest rate
48,48,Vehicle loan or lease,Managing the loan or lease,Loan,5607408,Yes,In progress,Phone,ALLY FINANCIAL INC.,2022-05,FL,Problem with the interest rate
49,49,Vehicle loan or lease,Managing the loan or lease,Loan,5607408,Yes,In progress,Phone,ALLY FINANCIAL INC.,2022-05,FL,Problem with the interest rate
50,50,Debt collection,Communication tactics,Medical debt,5607535,Yes,Closed with explanation,Web,"Collection Management Holdings, LLC",2022-05,GA,Frequent or repeated calls
51,51,Debt collection,Communication tactics,Medical debt,5607535,Yes,Closed with explanation,Web,"Collection Management Holdings, LLC",2022-05,GA,Frequent or repeated calls
52,52,Debt collection,Communication tactics,Medical debt,5607535,Yes,Closed with explanation,Web,"Collection Management Holdings, LLC",2022-05,GA,Frequent or repeated calls
53,53,Debt collection,Communication tactics,Medical debt,5607535,Yes,Closed with explanation,Web,"Collection Management Holdings, LLC",2022-05,GA,Frequent or repeated calls
54,54,Debt collection,Communication tactics,Medical debt,5607535,Yes,Closed with explanation,Web,"Collection Management Holdings, LLC",2022-05,GA,Frequent or repeated calls
55,55,"Credit reporting, credit repair services, or other personal consumer reports",Improper use of your report,Credit reporting,5527178,Yes,Closed with explanation,Web,"EQUIFAX, INC.",2022-05,GU,Reporting company used your report improperly
56,56,"Credit reporting, credit repair services, or other personal consumer reports",Improper use of your report,Credit reporting,5527178,Yes,Closed with explanation,Web,"EQUIFAX, INC.",2022-05,GU,Reporting company used your report improperly
57,57,"Credit reporting, credit repair services, or other personal consumer reports",Improper use of your report,Credit reporting,5527178,Yes,Closed with explanation,Web,"EQUIFAX, INC.",2022-05,GU,Reporting company used your report improperly
58,58,"Credit reporting, credit repair services, or other personal consumer reports",Improper use of your report,Credit reporting,5527178,Yes,Closed with explanation,Web,"EQUIFAX, INC.",2022-05,GU,Reporting company used your report improperly
59,59,"Credit reporting, credit repair services, or other personal consumer reports",Improper use of your report,Credit reporting,5527178,Yes,Closed with explanation,Web,"EQUIFAX, INC.",2022-05,GU,Reporting company used your report improperly
60,60,Credit card or prepaid card,Problem with a purchase shown on your statement,General-purpose credit card or charge card,5593913,Yes,In progress,Web,BARCLAYS BANK DELAWARE,2022-05,HI,Card was charged for something you did not purchase with the card
61,61,Credit card or prepaid card,Problem with a purchase shown on your statement,General-purpose credit card or charge card,5593913,Yes,In progress,Web,BARCLAYS BANK DELAWARE,2022-05,HI,Card was charged for something you did not purchase with the card
62,62,Credit card or prepaid card,Problem with a purchase shown on your statement,General-purpose credit card or charge card,5593913,Yes,In progress,Web,BARCLAYS BANK DELAWARE,2022-05,HI,Card was charged for something you did not purchase with the card
63,63,Credit card or prepaid card,Problem with a purchase shown on your statement,General-purpose credit card or charge card,5593913,Yes,In progress,Web,BARCLAYS BANK DELAWARE,2022-05,HI,Card was charged for something you did not purchase with the card
64,64,Credit card or prepaid card,Problem with a purchase shown on your statement,General-purpose credit card or charge card,5593913,Yes,In progress,Web,BARCLAYS BANK DELAWARE,2022-05,HI,Card was charged for something you did not purchase with the card
65,65,"Payday loan, title loan, or personal loan",Problem with the payoff process at the end of the loan,Personal line of credit,5596369,Yes,In progress,Web,MOUNTAIN AMERICA FEDERAL CREDIT UNION,2022-05,ID,
66,66,"Payday loan, title loan, or personal loan",Problem with the payoff process at the end of the loan,Personal line of credit,5596369,Yes,In progress,Web,MOUNTAIN AMERICA FEDERAL CREDIT UNION,2022-05,ID,
67,67,"Payday loan, title loan, or personal loan",Problem with the payoff process at the end of the loan,Personal line of credit,5596369,Yes,In progress,Web,MOUNTAIN AMERICA FEDERAL CREDIT UNION,2022-05,ID,
68,68,"Payday loan, title loan, or personal loan",Problem with the payoff process at the end of the loan,Personal line of credit,5596369,Yes,In progress,Web,MOUNTAIN AMERICA FEDERAL CREDIT UNION,2022-05,ID,
69,69,"Payday loan, title loan, or personal loan",Problem with the payoff process at the end of the loan,Personal line of credit,5596369,Yes,In progress,Web,MOUNTAIN AMERICA FEDERAL CREDIT UNION,2022-05,ID,
70,70,"Credit reporting, credit repair services, or other personal consumer reports",Improper use of your report,Credit reporting,5604678,Yes,In progress,Web,ALLY FINANCIAL INC.,2022-05,IL,Credit inquiries on your report that you don't recognize
71,71,"Credit reporting, credit repair services, or other personal consumer reports",Improper use of your report,Credit reporting,5604678,Yes,In progress,Web,ALLY FINANCIAL INC.,2022-05,IL,Credit inquiries on your report that you don't recognize
72,72,"Credit reporting, credit repair services, or other personal consumer reports",Improper use of your report,Credit reporting,5604678,Yes,In progress,Web,ALLY FINANCIAL INC.,2022-05,IL,Credit inquiries on your report that you don't recognize
73,73,"Credit reporting, credit repair services, or other personal consumer reports",Improper use of your report,Credit reporting,5604678,Yes,In progress,Web,ALLY FINANCIAL INC.,2022-05,IL,Credit inquiries on your report that you don't recognize
74,74,"Credit reporting, credit repair services, or other personal consumer reports",Improper use of your report,Credit reporting,5604678,Yes,In progress,Web,ALLY FINANCIAL INC.,2022-05,IL,Credit inquiries on your report that you don't recognize
75,75,"Credit reporting, credit repair services, or other personal consumer reports",Improper use of your report,Credit reporting,5602144,Yes,Closed with explanation,Web,OneMain Finance Corporation,2022-05,IN,Credit inquiries on your report that you don't recognize
76,76,"Credit reporting, credit repair services, or other personal consumer reports",Improper use of your report,Credit reporting,5602144,Yes,Closed with explanation,Web,OneMain Finance Corporation,2022-05,IN,Credit inquiries on your report that you don't recognize
77,77,"Credit reporting, credit repair services, or other personal consumer reports",Improper use of your report,Credit reporting,5602144,Yes,Closed with explanation,Web,OneMain Finance Corporation,2022-05,IN,Credit inquiries on your report that you don't recognize
78,78,"Credit reporting, credit repair services, or other personal consumer reports",Improper use of your report,Credit reporting,5602144,Yes,Closed with explanation,Web,OneMain Finance Corporation,2022-05,IN,Credit inquiries on your report that you don't recognize
79,79,"Credit reporting, credit repair services, or other personal consumer reports",Improper use of your report,Credit reporting,5602144,Yes,Closed with explanation,Web,OneMain Finance Corporation,2022-05,IN,Credit inquiries on your report that you don't recognize
80,80,Mortgage,Trouble during payment process,Conventional home mortgage,5604518,Yes,In progress,Web,"FLAGSTAR BANK, FSB",2022-05,IA,
81,81,Mortgage,Trouble during payment process,Conventional home mortgage,5604518,Yes,In progress,Web,"FLAGSTAR BANK, FSB",2022-05,IA,
82,82,Mortgage,Trouble during payment process,Conventional home mortgage,5604518,Yes,In progress,Web,"FLAGSTAR BANK, FSB",2022-05,IA,
83,83,Mortgage,Trouble during payment process,Conventional home mortgage,5604518,Yes,In progress,Web,"FLAGSTAR BANK, FSB",2022-05,IA,
84,84,Mortgage,Trouble during payment process,Conventional home mortgage,5604518,Yes,In progress,Web,"FLAGSTAR BANK, FSB",2022-05,IA,
85,85,"Credit reporting, credit repair services, or other personal consumer reports",Incorrect information on your report,Credit reporting,5596083,Yes,In progress,Web,"TRANSUNION INTERMEDIATE HOLDINGS, INC.",2022-05,KS,Account information incorrect
86,86,"Credit reporting, credit repair services, or other personal consumer reports",Incorrect information on your report,Credit reporting,5596083,Yes,In progress,Web,"TRANSUNION INTERMEDIATE HOLDINGS, INC.",2022-05,KS,Account information incorrect
87,87,"Credit reporting, credit repair services, or other personal consumer reports",Incorrect information on your report,Credit reporting,5596083,Yes,In progress,Web,"TRANSUNION INTERMEDIATE HOLDINGS, INC.",2022-05,KS,Account information incorrect
88,88,"Credit reporting, credit repair services, or other personal consumer reports",Incorrect information on your report,Credit reporting,5596083,Yes,In progress,Web,"TRANSUNION INTERMEDIATE HOLDINGS, INC.",2022-05,KS,Account information incorrect
89,89,"Credit reporting, credit repair services, or other personal consumer reports",Incorrect information on your report,Credit reporting,5596083,Yes,In progress,Web,"TRANSUNION INTERMEDIATE HOLDINGS, INC.",2022-05,KS,Account information incorrect
90,90,Vehicle loan or lease,Getting a loan or lease,Loan,5600071,Yes,In progress,Phone,NAVY FEDERAL CREDIT UNION,2022-05,KY,Confusing or misleading advertising or marketing
91,91,Vehicle loan or lease,Getting a loan or lease,Loan,5600071,Yes,In progress,Phone,NAVY FEDERAL CREDIT UNION,2022-05,KY,Confusing or misleading advertising or marketing
92,92,Vehicle loan or lease,Getting a loan or lease,Loan,5600071,Yes,In progress,Phone,NAVY FEDERAL CREDIT UNION,2022-05,KY,Confusing or misleading advertising or marketing
93,93,Vehicle loan or lease,Getting a loan or lease,Loan,5600071,Yes,In progress,Phone,NAVY FEDERAL CREDIT UNION,2022-05,KY,Confusing or misleading advertising or marketing
94,94,Vehicle loan or lease,Getting a loan or lease,Loan,5600071,Yes,In progress,Phone,NAVY FEDERAL CREDIT UNION,2022-05,KY,Confusing or misleading advertising or marketing
95,95,"Credit reporting, credit repair services, or other personal consumer reports",Problem with a credit reporting company's investigation into an existing problem,Credit reporting,5603214,Yes,In progress,Web,"EQUIFAX, INC.",2022-05,LA,Was not notified of investigation status or results
96,96,"Credit reporting, credit repair services, or other personal consumer reports",Problem with a credit reporting company's investigation into an existing problem,Credit reporting,5603214,Yes,In progress,Web,"EQUIFAX, INC.",2022-05,LA,Was not notified of investigation status or results
97,97,"Credit reporting, credit repair services, or other personal consumer reports",Problem with a credit reporting company's investigation into an existing problem,Credit reporting,5603214,Yes,In progress,Web,"EQUIFAX, INC.",2022-05,LA,Was not notified of investigation status or results
98,98,"Credit reporting, credit repair services, or other personal consumer reports",Problem with a credit reporting company's investigation into an existing problem,Credit reporting,5603214,Yes,In progress,Web,"EQUIFAX, INC.",2022-05,LA,Was not notified of investigation status or results
99,99,"Credit reporting, credit repair services, or other personal consumer reports",Problem with a credit reporting company's investigation into an existing problem,Credit reporting,5603214,Yes,In progress,Web,"EQUIFAX, INC.",2022-05,LA,Was not notified of investigation status or results
100,100,"Payday loan, title loan, or personal loan",Charged fees or interest you didn't expect,Installment loan,5599687,Yes,In progress,Web,First Technology Federal Credit Union,2022-05,ME,
101,101,"Payday loan, title loan, or personal loan",Charged fees or interest you didn't expect,Installment loan,5599687,Yes,In progress,Web,First Technology Federal Credit Union,2022-05,ME,
102,102,"Payday loan, title loan, or personal loan",Charged fees or interest you didn't expect,Installment loan,5599687,Yes,In progress,Web,First Technology Federal Credit Union,2022-05,ME,
103,103,"Payday loan, title loan, or personal loan",Charged fees or interest you didn't expect,Installment loan,5599687,Yes,In progress,Web,First Technology Federal Credit Union,2022-05,ME,
104,104,"Payday loan, title loan, or personal loan",Charged fees or interest you didn't expect,Installment loan,5599687,Yes,In progress,Web,First Technology Federal Credit Union,2022-05,ME,
105,105,"Credit reporting, credit repair services, or other personal consumer reports",Incorrect information on your report,Credit reporting,5603164,Yes,In progress,Web,"TRANSUNION INTERMEDIATE HOLDINGS, INC.",2022-05,MD,Information belongs to someone else
106,106,"Credit reporting, credit repair services, or other personal consumer reports",Incorrect information on your report,Credit reporting,5603164,Yes,In progress,Web,"TRANSUNION INTERMEDIATE HOLDINGS, INC.",2022-05,MD,Information belongs to someone else
107,107,"Credit reporting, credit repair services, or other personal consumer reports",Incorrect information on your report,Credit reporting,5603164,Yes,In progress,Web,"TRANSUNION INTERMEDIATE HOLDINGS, INC.",2022-05,MD,Information belongs to someone else
108,108,"Credit reporting, credit repair services, or other personal consumer reports",Incorrect information on your report,Credit reporting,5603164,Yes,In progress,Web,"TRANSUNION INTERMEDIATE HOLDINGS, INC.",2022-05,MD,Information belongs to someone else
109,109,"Credit reporting, credit repair services, or other personal consumer reports",Incorrect information on your report,Credit reporting,5603164,Yes,In progress,Web,"TRANSUNION INTERMEDIATE HOLDINGS, INC.",2022-05,MD,Information belongs to someone else
110,110,"Credit reporting, credit repair services, or other personal consumer reports",Problem with a credit reporting company's investigation into an existing problem,Credit reporting,5603368,Yes,In progress,Web,"TRANSUNION INTERMEDIATE HOLDINGS, INC.",2022-05,MA,Their investigation did not fix an error on your report
111,111,"Credit reporting, credit repair services, or other personal consumer reports",Problem with a credit reporting company's investigation into an existing problem,Credit reporting,5603368,Yes,In progress,Web,"TRANSUNION INTERMEDIATE HOLDINGS, INC.",2022-05,MA,Their investigation did not fix an error on your report
112,112,"Credit reporting, credit repair services, or other personal consumer reports",Problem with a credit reporting company's investigation into an existing problem,Credit reporting,5603368,Yes,In progress,Web,"TRANSUNION INTERMEDIATE HOLDINGS, INC.",2022-05,MA,Their investigation did not fix an error on your report
113,113,"Credit reporting, credit repair services, or other personal consumer reports",Problem with a credit reporting company's investigation into an existing problem,Credit reporting,5603368,Yes,In progress,Web,"TRANSUNION INTERMEDIATE HOLDINGS, INC.",2022-05,MA,Their investigation did not fix an error on your report
114,114,"Credit reporting, credit repair services, or other personal consumer reports",Problem with a credit reporting company's investigation into an existing problem,Credit reporting,5603368,Yes,In progress,Web,"TRANSUNION INTERMEDIATE HOLDINGS, INC.",2022-05,MA,Their investigation did not fix an error on your report
115,115,Debt collection,Written notification about debt,Other debt,5607537,Yes,Closed with explanation,Web,"Eastern Account Systems of Connecticut, Inc.",2022-05,MI,Didn't receive enough information to verify debt
116,116,Debt collection,Written notification about debt,Other debt,5607537,Yes,Closed with explanation,Web,"Eastern Account Systems of Connecticut, Inc.",2022-05,MI,Didn't receive enough information to verify debt
117,117,Debt collection,Written notification about debt,Other debt,5607537,Yes,Closed with explanation,Web,"Eastern Account Systems of Connecticut, Inc.",2022-05,MI,Didn't receive enough information to verify debt
118,118,Debt collection,Written notification about debt,Other debt,5607537,Yes,Closed with explanation,Web,"Eastern Account Systems of Connecticut, Inc.",2022-05,MI,Didn't receive enough information to verify debt
119,119,Debt collection,Written notification about debt,Other debt,5607537,Yes,Closed with explanation,Web,"Eastern Account Systems of Connecticut, Inc.",2022-05,MI,Didn't receive enough information to verify debt
120,120,"Credit reporting, credit repair services, or other personal consumer reports",Problem with a credit reporting company's investigation into an existing problem,Credit reporting,5603082,Yes,In progress,Web,"TRANSUNION INTERMEDIATE HOLDINGS, INC.",2022-05,MN,Their investigation did not fix an error on your report
121,121,"Credit reporting, credit repair services, or other personal consumer reports",Problem with a credit reporting company's investigation into an existing problem,Credit reporting,5603082,Yes,In progress,Web,"TRANSUNION INTERMEDIATE HOLDINGS, INC.",2022-05,MN,Their investigation did not fix an error on your report
122,122,"Credit reporting, credit repair services, or other personal consumer reports",Problem with a credit reporting company's investigation into an existing problem,Credit reporting,5603082,Yes,In progress,Web,"TRANSUNION INTERMEDIATE HOLDINGS, INC.",2022-05,MN,Their investigation did not fix an error on your report
123,123,"Credit reporting, credit repair services, or other personal consumer reports",Problem with a credit reporting company's investigation into an existing problem,Credit reporting,5603082,Yes,In progress,Web,"TRANSUNION INTERMEDIATE HOLDINGS, INC.",2022-05,MN,Their investigation did not fix an error on your report
124,124,"Credit reporting, credit repair services, or other personal consumer reports",Problem with a credit reporting company's investigation into an existing problem,Credit reporting,5603082,Yes,In progress,Web,"TRANSUNION INTERMEDIATE HOLDINGS, INC.",2022-05,MN,Their investigation did not fix an error on your report
125,125,"Credit reporting, credit repair services, or other personal consumer reports",Improper use of your report,Credit reporting,5602766,Yes,In progress,Web,"TRANSUNION INTERMEDIATE HOLDINGS, INC.",2022-05,MS,Credit inquiries on your report that you don't recognize
126,126,"Credit reporting, credit repair services, or other personal consumer reports",Improper use of your report,Credit reporting,5602766,Yes,In progress,Web,"TRANSUNION INTERMEDIATE HOLDINGS, INC.",2022-05,MS,Credit inquiries on your report that you don't recognize
127,127,"Credit reporting, credit repair services, or other personal consumer reports",Improper use of your report,Credit reporting,5602766,Yes,In progress,Web,"TRANSUNION INTERMEDIATE HOLDINGS, INC.",2022-05,MS,Credit inquiries on your report that you don't recognize
128,128,"Credit reporting, credit repair services, or other personal consumer reports",Improper use of your report,Credit reporting,5602766,Yes,In progress,Web,"TRANSUNION INTERMEDIATE HOLDINGS, INC.",2022-05,MS,Credit inquiries on your report that you don't recognize
129,129,"Credit reporting, credit repair services, or other personal consumer reports",Improper use of your report,Credit reporting,5602766,Yes,In progress,Web,"TRANSUNION INTERMEDIATE HOLDINGS, INC.",2022-05,MS,Credit inquiries on your report that you don't recognize
130,130,"Credit reporting, credit repair services, or other personal consumer reports",Improper use of your report,Credit reporting,5603331,Yes,In progress,Web,"EQUIFAX, INC.",2022-05,MO,Reporting company used your report improperly
131,131,"Credit reporting, credit repair services, or other personal consumer reports",Improper use of your report,Credit reporting,5603331,Yes,In progress,Web,"EQUIFAX, INC.",2022-05,MO,Reporting company used your report improperly
132,132,"Credit reporting, credit repair services, or other personal consumer reports",Improper use of your report,Credit reporting,5603331,Yes,In progress,Web,"EQUIFAX, INC.",2022-05,MO,Reporting company used your report improperly
133,133,"Credit reporting, credit repair services, or other personal consumer reports",Improper use of your report,Credit reporting,5603331,Yes,In progress,Web,"EQUIFAX, INC.",2022-05,MO,Reporting company used your report improperly
134,134,"Credit reporting, credit repair services, or other personal consumer reports",Improper use of your report,Credit reporting,5603331,Yes,In progress,Web,"EQUIFAX, INC.",2022-05,MO,Reporting company used your report improperly
135,135,"Credit reporting, credit repair services, or other personal consumer reports",Problem with a credit reporting company's investigation into an existing problem,Credit reporting,5598576,Yes,In progress,Web,"EQUIFAX, INC.",2022-05,MT,Their investigation did not fix an error on your report
136,136,"Credit reporting, credit repair services, or other personal consumer reports",Problem with a credit reporting company's investigation into an existing problem,Credit reporting,5598576,Yes,In progress,Web,"EQUIFAX, INC.",2022-05,MT,Their investigation did not fix an error on your report
137,137,"Credit reporting, credit repair services, or other personal consumer reports",Problem with a credit reporting company's investigation into an existing problem,Credit reporting,5598576,Yes,In progress,Web,"EQUIFAX, INC.",2022-05,MT,Their investigation did not fix an error on your report
138,138,"Credit reporting, credit repair services, or other personal consumer reports",Problem with a credit reporting company's investigation into an existing problem,Credit reporting,5598576,Yes,In progress,Web,"EQUIFAX, INC.",2022-05,MT,Their investigation did not fix an error on your report
139,139,"Credit reporting, credit repair services, or other personal consumer reports",Problem with a credit reporting company's investigation into an existing problem,Credit reporting,5598576,Yes,In progress,Web,"EQUIFAX, INC.",2022-05,MT,Their investigation did not fix an error on your report
140,140,"Credit reporting, credit repair services, or other personal consumer reports",Unable to get your credit report or credit score,Credit reporting,5603507,Yes,In progress,Web,"TRANSUNION INTERMEDIATE HOLDINGS, INC.",2022-05,NE,Other problem getting your report or credit score
141,141,"Credit reporting, credit repair services, or other personal consumer reports",Unable to get your credit report or credit score,Credit reporting,5603507,Yes,In progress,Web,"TRANSUNION INTERMEDIATE HOLDINGS, INC.",2022-05,NE,Other problem getting your report or credit score
142,142,"Credit reporting, credit repair services, or other personal consumer reports",Unable to get your credit report or credit score,Credit reporting,5603507,Yes,In progress,Web,"TRANSUNION INTERMEDIATE HOLDINGS, INC.",2022-05,NE,Other problem getting your report or credit score
143,143,"Credit reporting, credit repair services, or other personal consumer reports",Unable to get your credit report or credit score,Credit reporting,5603507,Yes,In progress,Web,"TRANSUNION INTERMEDIATE HOLDINGS, INC.",2022-05,NE,Other problem getting your report or credit score
144,144,"Credit reporting, credit repair services, or other personal consumer reports",Unable to get your credit report or credit score,Credit reporting,5603507,Yes,In progress,Web,"TRANSUNION INTERMEDIATE HOLDINGS, INC.",2022-05,NE,Other problem getting your report or credit score
145,145,Debt collection,Attempts to collect debt not owed,Credit card debt,5604541,Yes,Closed with explanation,Web,"The Bureaus, Inc.",2022-05,NV,Debt was result of identity theft
146,146,Debt collection,Attempts to collect debt not owed,Credit card debt,5604541,Yes,Closed with explanation,Web,"The Bureaus, Inc.",2022-05,NV,Debt was result of identity theft
147,147,Debt collection,Attempts to collect debt not owed,Credit card debt,5604541,Yes,Closed with explanation,Web,"The Bureaus, Inc.",2022-05,NV,Debt was result of identity theft
148,148,Debt collection,Attempts to collect debt not owed,Credit card debt,5604541,Yes,Closed with explanation,Web,"The Bureaus, Inc.",2022-05,NV,Debt was result of identity theft
149,149,Debt collection,Attempts to collect debt not owed,Credit card debt,5604541,Yes,Closed with explanation,Web,"The Bureaus, Inc.",2022-05,NV,Debt was result of identity theft
150,150,"Credit reporting, credit repair services, or other personal consumer reports",Incorrect information on your report,Credit reporting,5592109,Yes,In progress,Web,"TRANSUNION INTERMEDIATE HOLDINGS, INC.",2022-05,NH,Account information incorrect
151,151,"Credit reporting, credit repair services, or other personal consumer reports",Incorrect information on your report,Credit reporting,5592109,Yes,In progress,Web,"TRANSUNION INTERMEDIATE HOLDINGS, INC.",2022-05,NH,Account information incorrect
152,152,"Credit reporting, credit repair services, or other personal consumer reports",Incorrect information on your report,Credit reporting,5592109,Yes,In progress,Web,"TRANSUNION INTERMEDIATE HOLDINGS, INC.",2022-05,NH,Account information incorrect
153,153,"Credit reporting, credit repair services, or other personal consumer reports",Incorrect information on your report,Credit reporting,5592109,Yes,In progress,Web,"TRANSUNION INTERMEDIATE HOLDINGS, INC.",2022-05,NH,Account information incorrect
154,154,"Credit reporting, credit repair services, or other personal consumer reports",Incorrect information on your report,Credit reporting,5592109,Yes,In progress,Web,"TRANSUNION INTERMEDIATE HOLDINGS, INC.",2022-05,NH,Account information incorrect
155,155,Vehicle loan or lease,Struggling to pay your loan,Loan,5604720,Yes,In progress,Web Referral,ALLY FINANCIAL INC.,2022-05,NJ,Loan balance remaining after the vehicle is repossessed and sold
156,156,Vehicle loan or lease,Struggling to pay your loan,Loan,5604720,Yes,In progress,Web Referral,ALLY FINANCIAL INC.,2022-05,NJ,Loan balance remaining after the vehicle is repossessed and sold
157,157,Vehicle loan or lease,Struggling to pay your loan,Loan,5604720,Yes,In progress,Web Referral,ALLY FINANCIAL INC.,2022-05,NJ,Loan balance remaining after the vehicle is repossessed and sold
158,158,Vehicle loan or lease,Struggling to pay your loan,Loan,5604720,Yes,In progress,Web Referral,ALLY FINANCIAL INC.,2022-05,NJ,Loan balance remaining after the vehicle is repossessed and sold
159,159,Vehicle loan or lease,Struggling to pay your loan,Loan,5604720,Yes,In progress,Web Referral,ALLY FINANCIAL INC.,2022-05,NJ,Loan balance remaining after the vehicle is repossessed and sold
160,160,"Credit reporting, credit repair services, or other personal consumer reports",Improper use of your report,Credit reporting,5602815,Yes,In progress,Web,"TRANSUNION INTERMEDIATE HOLDINGS, INC.",2022-05,NM,Credit inquiries on your report that you don't recognize
161,161,"Credit reporting, credit repair services, or other personal consumer reports",Improper use of your report,Credit reporting,5602815,Yes,In progress,Web,"TRANSUNION INTERMEDIATE HOLDINGS, INC.",2022-05,NM,Credit inquiries on your report that you don't recognize
162,162,"Credit reporting, credit repair services, or other personal consumer reports",Improper use of your report,Credit reporting,5602815,Yes,In progress,Web,"TRANSUNION INTERMEDIATE HOLDINGS, INC.",2022-05,NM,Credit inquiries on your report that you don't recognize
163,163,"Credit reporting, credit repair services, or other personal consumer reports",Improper use of your report,Credit reporting,5602815,Yes,In progress,Web,"TRANSUNION INTERMEDIATE HOLDINGS, INC.",2022-05,NM,Credit inquiries on your report that you don't recognize
164,164,"Credit reporting, credit repair services, or other personal consumer reports",Improper use of your report,Credit reporting,5602815,Yes,In progress,Web,"TRANSUNION INTERMEDIATE HOLDINGS, INC.",2022-05,NM,Credit inquiries on your report that you don't recognize
165,165,"Credit reporting, credit repair services, or other personal consumer reports",Incorrect information on your report,Credit reporting,5603470,Yes,In progress,Web,"EQUIFAX, INC.",2022-05,NY,Information belongs to someone else
166,166,"Credit reporting, credit repair services, or other personal consumer reports",Incorrect information on your report,Credit reporting,5603470,Yes,In progress,Web,"EQUIFAX, INC.",2022-05,NY,Information belongs to someone else
167,167,"Credit reporting, credit repair services, or other personal consumer reports",Incorrect information on your report,Credit reporting,5603470,Yes,In progress,Web,"EQUIFAX, INC.",2022-05,NY,Information belongs to someone else
168,168,"Credit reporting, credit repair services, or other personal consumer reports",Incorrect information on your report,Credit reporting,5603470,Yes,In progress,Web,"EQUIFAX, INC.",2022-05,NY,Information belongs to someone else
169,169,"Credit reporting, credit repair services, or other personal consumer reports",Incorrect information on your report,Credit reporting,5603470,Yes,In progress,Web,"EQUIFAX, INC.",2022-05,NY,Information belongs to someone else
170,170,"Credit reporting, credit repair services, or other personal consumer reports",Problem with a credit reporting company's investigation into an existing problem,Credit reporting,5603406,Yes,In progress,Web,"EQUIFAX, INC.",2022-05,NC,Their investigation did not fix an error on your report
171,171,"Credit reporting, credit repair services, or other personal consumer reports",Problem with a credit reporting company's investigation into an existing problem,Credit reporting,5603406,Yes,In progress,Web,"EQUIFAX, INC.",2022-05,NC,Their investigation did not fix an error on your report
172,172,"Credit reporting, credit repair services, or other personal consumer reports",Problem with a credit reporting company's investigation into an existing problem,Credit reporting,5603406,Yes,In progress,Web,"EQUIFAX, INC.",2022-05,NC,Their investigation did not fix an error on your report
173,173,"Credit reporting, credit repair services, or other personal consumer reports",Problem with a credit reporting company's investigation into an existing problem,Credit reporting,5603406,Yes,In progress,Web,"EQUIFAX, INC.",2022-05,NC,Their investigation did not fix an error on your report
174,174,"Credit reporting, credit repair services, or other personal consumer reports",Problem with a credit reporting company's investigation into an existing problem,Credit reporting,5603406,Yes,In progress,Web,"EQUIFAX, INC.",2022-05,NC,Their investigation did not fix an error on your report
175,175,Debt collection,Attempts to collect debt not owed,I do not know,5598494,Yes,In progress,Web,"EQUIFAX, INC.",2022-05,ND,Debt is not yours
176,176,Debt collection,Attempts to collect debt not owed,I do not know,5598494,Yes,In progress,Web,"EQUIFAX, INC.",2022-05,ND,Debt is not yours
177,177,Debt collection,Attempts to collect debt not owed,I do not know,5598494,Yes,In progress,Web,"EQUIFAX, INC.",2022-05,ND,Debt is not yours
178,178,Debt collection,Attempts to collect debt not owed,I do not know,5598494,Yes,In progress,Web,"EQUIFAX, INC.",2022-05,ND,Debt is not yours
179,179,Debt collection,Attempts to collect debt not owed,I do not know,5598494,Yes,In progress,Web,"EQUIFAX, INC.",2022-05,ND,Debt is not yours
180,180,Credit card or prepaid card,Problem with a purchase shown on your statement,General-purpose credit card or charge card,5474848,Yes,Closed with monetary relief,Web,"FIRST HAWAIIAN, INC.",2022-04,MP,Credit card company isn't resolving a dispute about a purchase on your statement
181,181,Credit card or prepaid card,Problem with a purchase shown on your statement,General-purpose credit card or charge card,5474848,Yes,Closed with monetary relief,Web,"FIRST HAWAIIAN, INC.",2022-04,MP,Credit card company isn't resolving a dispute about a purchase on your statement
182,182,Credit card or prepaid card,Problem with a purchase shown on your statement,General-purpose credit card or charge card,5474848,Yes,Closed with monetary relief,Web,"FIRST HAWAIIAN, INC.",2022-04,MP,Credit card company isn't resolving a dispute about a purchase on your statement
183,183,Credit card or prepaid card,Problem with a purchase shown on your statement,General-purpose credit card or charge card,5474848,Yes,Closed with monetary relief,Web,"FIRST HAWAIIAN, INC.",2022-04,MP,Credit card company isn't resolving a dispute about a purchase on your statement
184,184,Credit card or prepaid card,Problem with a purchase shown on your statement,General-purpose credit card or charge card,5474848,Yes,Closed with monetary relief,Web,"FIRST HAWAIIAN, INC.",2022-04,MP,Credit card company isn't resolving a dispute about a purchase on your statement
185,185,Vehicle loan or lease,Managing the loan or lease,Loan,5606064,Yes,In progress,Web,ALLY FINANCIAL INC.,2022-05,OH,Problem with fees charged
186,186,Vehicle loan or lease,Managing the loan or lease,Loan,5606064,Yes,In progress,Web,ALLY FINANCIAL INC.,2022-05,OH,Problem with fees charged
187,187,Vehicle loan or lease,Managing the loan or lease,Loan,5606064,Yes,In progress,Web,ALLY FINANCIAL INC.,2022-05,OH,Problem with fees charged
188,188,Vehicle loan or lease,Managing the loan or lease,Loan,5606064,Yes,In progress,Web,ALLY FINANCIAL INC.,2022-05,OH,Problem with fees charged
189,189,Vehicle loan or lease,Managing the loan or lease,Loan,5606064,Yes,In progress,Web,ALLY FINANCIAL INC.,2022-05,OH,Problem with fees charged
190,190,"Credit reporting, credit repair services, or other personal consumer reports",Improper use of your report,Credit reporting,5601508,Yes,In progress,Web,"EQUIFAX, INC.",2022-05,OK,Credit inquiries on your report that you don't recognize
191,191,"Credit reporting, credit repair services, or other personal consumer reports",Improper use of your report,Credit reporting,5601508,Yes,In progress,Web,"EQUIFAX, INC.",2022-05,OK,Credit inquiries on your report that you don't recognize
192,192,"Credit reporting, credit repair services, or other personal consumer reports",Improper use of your report,Credit reporting,5601508,Yes,In progress,Web,"EQUIFAX, INC.",2022-05,OK,Credit inquiries on your report that you don't recognize
193,193,"Credit reporting, credit repair services, or other personal consumer reports",Improper use of your report,Credit reporting,5601508,Yes,In progress,Web,"EQUIFAX, INC.",2022-05,OK,Credit inquiries on your report that you don't recognize
194,194,"Credit reporting, credit repair services, or other personal consumer reports",Improper use of your report,Credit reporting,5601508,Yes,In progress,Web,"EQUIFAX, INC.",2022-05,OK,Credit inquiries on your report that you don't recognize
195,195,"Credit reporting, credit repair services, or other personal consumer reports",Problem with a credit reporting company's investigation into an existing problem,Credit reporting,5602597,Yes,In progress,Web,"EQUIFAX, INC.",2022-05,OR,Their investigation did not fix an error on your report
196,196,"Credit reporting, credit repair services, or other personal consumer reports",Problem with a credit reporting company's investigation into an existing problem,Credit reporting,5602597,Yes,In progress,Web,"EQUIFAX, INC.",2022-05,OR,Their investigation did not fix an error on your report
197,197,"Credit reporting, credit repair services, or other personal consumer reports",Problem with a credit reporting company's investigation into an existing problem,Credit reporting,5602597,Yes,In progress,Web,"EQUIFAX, INC.",2022-05,OR,Their investigation did not fix an error on your report
198,198,"Credit reporting, credit repair services, or other personal consumer reports",Problem with a credit reporting company's investigation into an existing problem,Credit reporting,5602597,Yes,In progress,Web,"EQUIFAX, INC.",2022-05,OR,Their investigation did not fix an error on your report
199,199,"Credit reporting, credit repair services, or other personal consumer reports",Problem with a credit reporting company's investigation into an existing problem,Credit reporting,5602597,Yes,In progress,Web,"EQUIFAX, INC.",2022-05,OR,Their investigation did not fix an error on your report
200,200,"Credit reporting, credit repair services, or other personal consumer reports",Incorrect information on your report,Credit reporting,5605948,Yes,In progress,Web,ALLY FINANCIAL INC.,2022-05,PA,Account information incorrect
201,201,"Credit reporting, credit repair services, or other personal consumer reports",Incorrect information on your report,Credit reporting,5605948,Yes,In progress,Web,ALLY FINANCIAL INC.,2022-05,PA,Account information incorrect
202,202,"Credit reporting, credit repair services, or other personal consumer reports",Incorrect information on your report,Credit reporting,5605948,Yes,In progress,Web,ALLY FINANCIAL INC.,2022-05,PA,Account information incorrect
203,203,"Credit reporting, credit repair services, or other personal consumer reports",Incorrect information on your report,Credit reporting,5605948,Yes,In progress,Web,ALLY FINANCIAL INC.,2022-05,PA,Account information incorrect
204,204,"Credit reporting, credit repair services, or other personal consumer reports",Incorrect information on your report,Credit reporting,5605948,Yes,In progress,Web,ALLY FINANCIAL INC.,2022-05,PA,Account information incorrect
205,205,Debt collection,Written notification about debt,Credit card debt,5598844,Yes,Closed with explanation,Phone,"Paradigm Assets, LLC",2022-05,PR,Didn't receive enough information to verify debt
206,206,Debt collection,Written notification about debt,Credit card debt,5598844,Yes,Closed with explanation,Phone,"Paradigm Assets, LLC",2022-05,PR,Didn't receive enough information to verify debt
207,207,Debt collection,Written notification about debt,Credit card debt,5598844,Yes,Closed with explanation,Phone,"Paradigm Assets, LLC",2022-05,PR,Didn't receive enough information to verify debt
208,208,Debt collection,Written notification about debt,Credit card debt,5598844,Yes,Closed with explanation,Phone,"Paradigm Assets, LLC",2022-05,PR,Didn't receive enough information to verify debt
209,209,Debt collection,Written notification about debt,Credit card debt,5598844,Yes,Closed with explanation,Phone,"Paradigm Assets, LLC",2022-05,PR,Didn't receive enough information to verify debt
210,210,"Credit reporting, credit repair services, or other personal consumer reports",Problem with a credit reporting company's investigation into an existing problem,Credit reporting,5605834,Yes,In progress,Web,OneMain Finance Corporation,2022-05,RI,Their investigation did not fix an error on your report
211,211,"Credit reporting, credit repair services, or other personal consumer reports",Problem with a credit reporting company's investigation into an existing problem,Credit reporting,5605834,Yes,In progress,Web,OneMain Finance Corporation,2022-05,RI,Their investigation did not fix an error on your report
212,212,"Credit reporting, credit repair services, or other personal consumer reports",Problem with a credit reporting company's investigation into an existing problem,Credit reporting,5605834,Yes,In progress,Web,OneMain Finance Corporation,2022-05,RI,Their investigation did not fix an error on your report
213,213,"Credit reporting, credit repair services, or other personal consumer reports",Problem with a credit reporting company's investigation into an existing problem,Credit reporting,5605834,Yes,In progress,Web,OneMain Finance Corporation,2022-05,RI,Their investigation did not fix an error on your report
214,214,"Credit reporting, credit repair services, or other personal consumer reports",Problem with a credit reporting company's investigation into an existing problem,Credit reporting,5605834,Yes,In progress,Web,OneMain Finance Corporation,2022-05,RI,Their investigation did not fix an error on your report
215,215,"Payday loan, title loan, or personal loan",Struggling to pay your loan,Payday loan,5604554,Yes,In progress,Web,OneMain Finance Corporation,2022-05,SC,
216,216,"Payday loan, title loan, or personal loan",Struggling to pay your loan,Payday loan,5604554,Yes,In progress,Web,OneMain Finance Corporation,2022-05,SC,
217,217,"Payday loan, title loan, or personal loan",Struggling to pay your loan,Payday loan,5604554,Yes,In progress,Web,OneMain Finance Corporation,2022-05,SC,
218,218,"Payday loan, title loan, or personal loan",Struggling to pay your loan,Payday loan,5604554,Yes,In progress,Web,OneMain Finance Corporation,2022-05,SC,
219,219,"Payday loan, title loan, or personal loan",Struggling to pay your loan,Payday loan,5604554,Yes,In progress,Web,OneMain Finance Corporation,2022-05,SC,
220,220,Debt collection,False statements or representation,I do not know,5590891,Yes,Closed with explanation,Web,Rodenburg LLP,2022-05,SD,"Impersonated attorney, law enforcement, or government official"
221,221,Debt collection,False statements or representation,I do not know,5590891,Yes,Closed with explanation,Web,Rodenburg LLP,2022-05,SD,"Impersonated attorney, law enforcement, or government official"
222,222,Debt collection,False statements or representation,I do not know,5590891,Yes,Closed with explanation,Web,Rodenburg LLP,2022-05,SD,"Impersonated attorney, law enforcement, or government official"
223,223,Debt collection,False statements or representation,I do not know,5590891,Yes,Closed with explanation,Web,Rodenburg LLP,2022-05,SD,"Impersonated attorney, law enforcement, or government official"
224,224,Debt collection,False statements or representation,I do not know,5590891,Yes,Closed with explanation,Web,Rodenburg LLP,2022-05,SD,"Impersonated attorney, law enforcement, or government official"
225,225,"Credit reporting, credit repair services, or other personal consumer reports",Credit monitoring or identity theft protection services,Credit reporting,5603363,Yes,In progress,Web,"EQUIFAX, INC.",2022-05,TN,Problem canceling credit monitoring or identify theft protection service
226,226,"Credit reporting, credit repair services, or other personal consumer reports",Credit monitoring or identity theft protection services,Credit reporting,5603363,Yes,In progress,Web,"EQUIFAX, INC.",2022-05,TN,Problem canceling credit monitoring or identify theft protection service
227,227,"Credit reporting, credit repair services, or other personal consumer reports",Credit monitoring or identity theft protection services,Credit reporting,5603363,Yes,In progress,Web,"EQUIFAX, INC.",2022-05,TN,Problem canceling credit monitoring or identify theft protection service
228,228,"Credit reporting, credit repair services, or other personal consumer reports",Credit monitoring or identity theft protection services,Credit reporting,5603363,Yes,In progress,Web,"EQUIFAX, INC.",2022-05,TN,Problem canceling credit monitoring or identify theft protection service
229,229,"Credit reporting, credit repair services, or other personal consumer reports",Credit monitoring or identity theft protection services,Credit reporting,5603363,Yes,In progress,Web,"EQUIFAX, INC.",2022-05,TN,Problem canceling credit monitoring or identify theft protection service
230,230,"Credit reporting, credit repair services, or other personal consumer reports",Incorrect information on your report,Credit reporting,5603403,Yes,In progress,Web,"EQUIFAX, INC.",2022-05,TX,Information belongs to someone else
231,231,"Credit reporting, credit repair services, or other personal consumer reports",Incorrect information on your report,Credit reporting,5603403,Yes,In progress,Web,"EQUIFAX, INC.",2022-05,TX,Information belongs to someone else
232,232,"Credit reporting, credit repair services, or other personal consumer reports",Incorrect information on your report,Credit reporting,5603403,Yes,In progress,Web,"EQUIFAX, INC.",2022-05,TX,Information belongs to someone else
233,233,"Credit reporting, credit repair services, or other personal consumer reports",Incorrect information on your report,Credit reporting,5603403,Yes,In progress,Web,"EQUIFAX, INC.",2022-05,TX,Information belongs to someone else
234,234,"Credit reporting, credit repair services, or other personal consumer reports",Incorrect information on your report,Credit reporting,5603403,Yes,In progress,Web,"EQUIFAX, INC.",2022-05,TX,Information belongs to someone else
235,235,"Credit reporting, credit repair services, or other personal consumer reports",Incorrect information on your report,Credit reporting,5601033,Yes,In progress,Web,"EQUIFAX, INC.",2022-05,UT,Information belongs to someone else
236,236,"Credit reporting, credit repair services, or other personal consumer reports",Incorrect information on your report,Credit reporting,5601033,Yes,In progress,Web,"EQUIFAX, INC.",2022-05,UT,Information belongs to someone else
237,237,"Credit reporting, credit repair services, or other personal consumer reports",Incorrect information on your report,Credit reporting,5601033,Yes,In progress,Web,"EQUIFAX, INC.",2022-05,UT,Information belongs to someone else
238,238,"Credit reporting, credit repair services, or other personal consumer reports",Incorrect information on your report,Credit reporting,5601033,Yes,In progress,Web,"EQUIFAX, INC.",2022-05,UT,Information belongs to someone else
239,239,"Credit reporting, credit repair services, or other personal consumer reports",Incorrect information on your report,Credit reporting,5601033,Yes,In progress,Web,"EQUIFAX, INC.",2022-05,UT,Information belongs to someone else
240,240,"Credit reporting, credit repair services, or other personal consumer reports",Improper use of your report,Credit reporting,5586511,Yes,In progress,Web,"EQUIFAX, INC.",2022-05,VT,Reporting company used your report improperly
241,241,"Credit reporting, credit repair services, or other personal consumer reports",Improper use of your report,Credit reporting,5586511,Yes,In progress,Web,"EQUIFAX, INC.",2022-05,VT,Reporting company used your report improperly
242,242,"Credit reporting, credit repair services, or other personal consumer reports",Improper use of your report,Credit reporting,5586511,Yes,In progress,Web,"EQUIFAX, INC.",2022-05,VT,Reporting company used your report improperly
243,243,"Credit reporting, credit repair services, or other personal consumer reports",Improper use of your report,Credit reporting,5586511,Yes,In progress,Web,"EQUIFAX, INC.",2022-05,VT,Reporting company used your report improperly
244,244,"Credit reporting, credit repair services, or other personal consumer reports",Improper use of your report,Credit reporting,5586511,Yes,In progress,Web,"EQUIFAX, INC.",2022-05,VT,Reporting company used your report improperly
245,245,"Credit reporting, credit repair services, or other personal consumer reports",Improper use of your report,Credit reporting,5561705,Yes,Closed with explanation,Web,"EQUIFAX, INC.",2022-05,VI,Received unsolicited financial product or insurance offers after opting out
246,246,"Credit reporting, credit repair services, or other personal consumer reports",Improper use of your report,Credit reporting,5561705,Yes,Closed with explanation,Web,"EQUIFAX, INC.",2022-05,VI,Received unsolicited financial product or insurance offers after opting out
247,247,"Credit reporting, credit repair services, or other personal consumer reports",Improper use of your report,Credit reporting,5561705,Yes,Closed with explanation,Web,"EQUIFAX, INC.",2022-05,VI,Received unsolicited financial product or insurance offers after opting out
248,248,"Credit reporting, credit repair services, or other personal consumer reports",Improper use of your report,Credit reporting,5561705,Yes,Closed with explanation,Web,"EQUIFAX, INC.",2022-05,VI,Received unsolicited financial product or insurance offers after opting out
249,249,"Credit reporting, credit repair services, or other personal consumer reports",Improper use of your report,Credit reporting,5561705,Yes,Closed with explanation,Web,"EQUIFAX, INC.",2022-05,VI,Received unsolicited financial product or insurance offers after opting out
250,250,"Credit reporting, credit repair services, or other personal consumer reports",Incorrect information on your report,Credit reporting,5603315,Yes,In progress,Phone,"EQUIFAX, INC.",2022-05,VA,Old information reappears or never goes away
251,251,"Credit reporting, credit repair services, or other personal consumer reports",Incorrect information on your report,Credit reporting,5603315,Yes,In progress,Phone,"EQUIFAX, INC.",2022-05,VA,Old information reappears or never goes away
252,252,"Credit reporting, credit repair services, or other personal consumer reports",Incorrect information on your report,Credit reporting,5603315,Yes,In progress,Phone,"EQUIFAX, INC.",2022-05,VA,Old information reappears or never goes away
253,253,"Credit reporting, credit repair services, or other personal consumer reports",Incorrect information on your report,Credit reporting,5603315,Yes,In progress,Phone,"EQUIFAX, INC.",2022-05,VA,Old information reappears or never goes away
254,254,"Credit reporting, credit repair services, or other personal consumer reports",Incorrect information on your report,Credit reporting,5603315,Yes,In progress,Phone,"EQUIFAX, INC.",2022-05,VA,Old information reappears or never goes away
255,255,"Credit reporting, credit repair services, or other personal consumer reports",Incorrect information on your report,Credit reporting,5603091,Yes,In progress,Web,"EQUIFAX, INC.",2022-05,WA,Account status incorrect
256,256,"Credit reporting, credit repair services, or other personal consumer reports",Incorrect information on your report,Credit reporting,5603091,Yes,In progress,Web,"EQUIFAX, INC.",2022-05,WA,Account status incorrect
257,257,"Credit reporting, credit repair services, or other personal consumer reports",Incorrect information on your report,Credit reporting,5603091,Yes,In progress,Web,"EQUIFAX, INC.",2022-05,WA,Account status incorrect
258,258,"Credit reporting, credit repair services, or other personal consumer reports",Incorrect information on your report,Credit reporting,5603091,Yes,In progress,Web,"EQUIFAX, INC.",2022-05,WA,Account status incorrect
259,259,"Credit reporting, credit repair services, or other personal consumer reports",Incorrect information on your report,Credit reporting,5603091,Yes,In progress,Web,"EQUIFAX, INC.",2022-05,WA,Account status incorrect
260,260,"Credit reporting, credit repair services, or other personal consumer reports",Problem with a credit reporting company's investigation into an existing problem,Credit reporting,5595771,Yes,In progress,Web,"EQUIFAX, INC.",2022-05,WV,Their investigation did not fix an error on your report
261,261,"Credit reporting, credit repair services, or other personal consumer reports",Problem with a credit reporting company's investigation into an existing problem,Credit reporting,5595771,Yes,In progress,Web,"EQUIFAX, INC.",2022-05,WV,Their investigation did not fix an error on your report
262,262,"Credit reporting, credit repair services, or other personal consumer reports",Problem with a credit reporting company's investigation into an existing problem,Credit reporting,5595771,Yes,In progress,Web,"EQUIFAX, INC.",2022-05,WV,Their investigation did not fix an error on your report
263,263,"Credit reporting, credit repair services, or other personal consumer reports",Problem with a credit reporting company's investigation into an existing problem,Credit reporting,5595771,Yes,In progress,Web,"EQUIFAX, INC.",2022-05,WV,Their investigation did not fix an error on your report
264,264,"Credit reporting, credit repair services, or other personal consumer reports",Problem with a credit reporting company's investigation into an existing problem,Credit reporting,5595771,Yes,In progress,Web,"EQUIFAX, INC.",2022-05,WV,Their investigation did not fix an error on your report
265,265,"Credit reporting, credit repair services, or other personal consumer reports",Problem with a credit reporting company's investigation into an existing problem,Credit reporting,5607375,Yes,Closed with explanation,Web,LJ Ross Associates,2022-05,WI,Investigation took more than 30 days
266,266,"Credit reporting, credit repair services, or other personal consumer reports",Problem with a credit reporting company's investigation into an existing problem,Credit reporting,5607375,Yes,Closed with explanation,Web,LJ Ross Associates,2022-05,WI,Investigation took more than 30 days
267,267,"Credit reporting, credit repair services, or other personal consumer reports",Problem with a credit reporting company's investigation into an existing problem,Credit reporting,5607375,Yes,Closed with explanation,Web,LJ Ross Associates,2022-05,WI,Investigation took more than 30 days
268,268,"Credit reporting, credit repair services, or other personal consumer reports",Problem with a credit reporting company's investigation into an existing problem,Credit reporting,5607375,Yes,Closed with explanation,Web,LJ Ross Associates,2022-05,WI,Investigation took more than 30 days
269,269,"Credit reporting, credit repair services, or other personal consumer reports",Problem with a credit reporting company's investigation into an existing problem,Credit reporting,5607375,Yes,Closed with explanation,Web,LJ Ross Associates,2022-05,WI,Investigation took more than 30 days
270,270,"Credit reporting, credit repair services, or other personal consumer reports",Improper use of your report,Credit reporting,5590856,Yes,Closed with explanation,Web,"CCS Financial Services, Inc.",2022-05,WY,Reporting company used your report improperly
271,271,"Credit reporting, credit repair services, or other personal consumer reports",Improper use of your report,Credit reporting,5590856,Yes,Closed with explanation,Web,"CCS Financial Services, Inc.",2022-05,WY,Reporting company used your report improperly
272,272,"Credit reporting, credit repair services, or other personal consumer reports",Improper use of your report,Credit reporting,5590856,Yes,Closed with explanation,Web,"CCS Financial Services, Inc.",2022-05,WY,Reporting company used your report improperly
273,273,"Credit reporting, credit repair services, or other personal consumer reports",Improper use of your report,Credit reporting,5590856,Yes,Closed with explanation,Web,"CCS Financial Services, Inc.",2022-05,WY,Reporting company used your report improperly
274,274,"Credit reporting, credit repair services, or other personal consumer reports",Improper use of your report,Credit reporting,5590856,Yes,Closed with explanation,Web,"CCS Financial Services, Inc.",2022-05,WY,Reporting company used your report improperly
